{"name":"Dyna-Menu Waiter","short_name":"DynaMenu","description":"Professional high-performance restaurant order management system.","start_url":"/","display":"standalone","background_color":"#0f172a","theme_color":"#4f46e5","orientation":"portrait","scope":"./","icons":[{"src":"https://cdn-icons-png.flaticon.com/512/3448/3448609.png","sizes":"192x192","type":"image/png"},{"src":"https://cdn-icons-png.flaticon.com/512/3448/3448609.png","sizes":"512x512","type":"image/png"},{"src":"https://cdn-icons-png.flaticon.com/512/3448/3448609.png","sizes":"512x512","type":"image/png","purpose":"maskable"}],"shortcuts":[{"name":"Open Tables","url":"./","icons":[{"src":"https://cdn-icons-png.flaticon.com/512/3448/3448609.png","sizes":"192x192"}]}]}